timestamp,action,status,account_no,holder,loan_id,loan_type, amount , balance_before , balance_after , due_before ,due_after,message
5:43:01 AM,ACCOUNT_CREATE,SUCCESS,2025-100,Sai Sudheer Neelam,,," $5,000.00 ",," $5,000.00 ",,,New bank account created
5:44:52 AM,DEPOSIT,SUCCESS,2025-100,Sai Sudheer Neelam,,, $100.25 ," $5,000.00 "," $5,100.25 ",,,Deposit completed
5:45:11 AM,WITHDRAW,SUCCESS,2025-100,Sai Sudheer Neelam,,, $984.00 ," $5,100.25 "," $4,116.25 ",,,Withdraw completed
5:46:53 AM,LOAN_CREATE,SUCCESS,2025-100,Sai Sudheer Neelam,DE-2025-100-SA,Personal Loan," $45,000.00 ",,, $-   ,0,Loan created (not yet disbursed)
5:47:47 AM,LOAN_DISBURSE,SUCCESS,2025-100,Sai Sudheer Neelam,DE-2025-100-SA,Personal Loan," $2,500.00 ",,, $-   ,2500,Disbursement successful
5:47:55 AM,DEPOSIT,SUCCESS,2025-100,Sai Sudheer Neelam,,," $2,500.00 "," $4,116.25 "," $6,616.25 ",,,Deposit completed
5:49:24 AM,LOAN_INTEREST,SKIPPED,2025-100,Sai Sudheer Neelam,DE-2025-100-SA,Personal Loan, $-   ,,," $2,500.00 ",2500,No days passed
5:49:39 AM,WITHDRAW,FAILED,2025-100,Sai Sudheer Neelam,,," $2,500.00 "," $6,616.25 "," $6,616.25 ",,,Withdraw exceeds per-transaction limit
5:50:14 AM,LOAN_INTEREST,SKIPPED,2025-100,Sai Sudheer Neelam,DE-2025-100-SA,Personal Loan, $-   ,,," $2,500.00 ",2500,No days passed
