timestamp,action,status,account_no,holder,loan_id,loan_type,amount,balance_before,balance_after,due_before,due_after,message
2025-12-24 05:43:01,ACCOUNT_CREATE,SUCCESS,2025-100,Sai Sudheer Neelam,,,5000.0,,5000.0,,,New bank account created
2025-12-24 05:44:52,DEPOSIT,SUCCESS,2025-100,Sai Sudheer Neelam,,,100.25,5000.0,5100.25,,,Deposit completed
2025-12-24 05:45:11,WITHDRAW,SUCCESS,2025-100,Sai Sudheer Neelam,,,984.0,5100.25,4116.25,,,Withdraw completed
2025-12-24 05:46:53,LOAN_CREATE,SUCCESS,2025-100,Sai Sudheer Neelam,DE-2025-100-SA,Personal Loan,45000.0,,,0,0.0,Loan created (not yet disbursed)
2025-12-24 05:47:47,LOAN_DISBURSE,SUCCESS,2025-100,Sai Sudheer Neelam,DE-2025-100-SA,Personal Loan,2500.0,,,0.0,2500.0,Disbursement successful
2025-12-24 05:47:55,DEPOSIT,SUCCESS,2025-100,Sai Sudheer Neelam,,,2500.0,4116.25,6616.25,,,Deposit completed
2025-12-24 05:49:24,LOAN_INTEREST,SKIPPED,2025-100,Sai Sudheer Neelam,DE-2025-100-SA,Personal Loan,0,,,2500.0,2500.0,No days passed
2025-12-24 05:49:39,WITHDRAW,FAILED,2025-100,Sai Sudheer Neelam,,,2500.0,6616.25,6616.25,,,Withdraw exceeds per-transaction limit
2025-12-24 05:50:14,LOAN_INTEREST,SKIPPED,2025-100,Sai Sudheer Neelam,DE-2025-100-SA,Personal Loan,0,,,2500.0,2500.0,No days passed
